<?xml version="1.0" encoding="UTF-8" ?>
<XMLDB PATH="availability/condition/password/db" VERSION="20160118" COMMENT="XMLDB file for Moodle availability/condition/password"
    xmlns:xsi="http://www.w3.org/2001/XMLSchema-instance"
    xsi:noNamespaceSchemaLocation="../../../../lib/xmldb/xmldb.xsd"
>
  <TABLES>
    <TABLE NAME="availability_password_grant" COMMENT="Lists all users who have correctly entered passwords for the given activity">
      <FIELDS>
        <FIELD NAME="id" TYPE="int" LENGTH="10" NOTNULL="true" SEQUENCE="true"/>
        <FIELD NAME="courseid" TYPE="int" LENGTH="10" NOTNULL="true" SEQUENCE="false"/>
        <FIELD NAME="cmid" TYPE="int" LENGTH="10" NOTNULL="true" SEQUENCE="false"/>
        <FIELD NAME="userid" TYPE="int" LENGTH="10" NOTNULL="true" SEQUENCE="false"/>
        <FIELD NAME="password" TYPE="char" LENGTH="255" NOTNULL="true" SEQUENCE="false" COMMENT="The password that was entered."/>
		<FIELD NAME="password1" TYPE="char" LENGTH="255" NOTNULL="true" SEQUENCE="false" COMMENT="The password1 that was entered."/>
		<FIELD NAME="answerstatus" TYPE="char" LENGTH="255" NOTNULL="true" SEQUENCE="false" COMMENT="Answer status correct or wrong"/>
		<FIELD NAME="attemptdate" TYPE="char" LENGTH="255" NOTNULL="true" SEQUENCE="false" COMMENT="The date that was entered password"/>
      </FIELDS>
      <KEYS>
        <KEY NAME="primary" TYPE="primary" FIELDS="id"/>
        <KEY NAME="courseid" TYPE="foreign" FIELDS="courseid" REFTABLE="course" REFFIELDS="id"/>
        <KEY NAME="cmid" TYPE="foreign" FIELDS="cmid" REFTABLE="course_modules" REFFIELDS="id"/>
        <KEY NAME="userid" TYPE="foreign" FIELDS="userid" REFTABLE="user" REFFIELDS="id"/>
      </KEYS>
    </TABLE>

  
   
    <TABLE NAME="attempts_password" COMMENT="Lists of attempts password">
      <FIELDS>
        <FIELD NAME="id" TYPE="int" LENGTH="10" NOTNULL="true" SEQUENCE="true"/>
        <FIELD NAME="courseid" TYPE="int" LENGTH="10" NOTNULL="true" SEQUENCE="false"/>
        <FIELD NAME="cmid" TYPE="int" LENGTH="10" NOTNULL="true" SEQUENCE="false"/>
        <FIELD NAME="userid" TYPE="int" LENGTH="10" NOTNULL="true" SEQUENCE="false"/>
		<FIELD NAME="attemptcount" TYPE="int" LENGTH="10" NOTNULL="true" SEQUENCE="false"/>
        <FIELD NAME="openstatus" TYPE="char" LENGTH="255" NOTNULL="true" SEQUENCE="false" COMMENT="Status of Open or close"/>
		<FIELD NAME="attemptdate" TYPE="char" LENGTH="255" NOTNULL="true" SEQUENCE="false" COMMENT="The date that was entered password"/>
      </FIELDS>
      <KEYS>
        <KEY NAME="primary" TYPE="primary" FIELDS="id"/>
        <KEY NAME="courseid" TYPE="foreign" FIELDS="courseid" REFTABLE="course" REFFIELDS="id"/>
        <KEY NAME="cmid" TYPE="foreign" FIELDS="cmid" REFTABLE="course_modules" REFFIELDS="id"/>
        <KEY NAME="userid" TYPE="foreign" FIELDS="userid" REFTABLE="user" REFFIELDS="id"/>
      </KEYS>
	</TABLE>
  </TABLES>
  
</XMLDB>